baseline,return_mean,return_std,violation_rate,satisfaction_rate,runtime_sec,env,spec,seed,num_episodes,satisfaction_soft_mean,violation_rate_episode,violation_rate_step,goal_rate,bomb_hit_rate,hazard_hit_rate,decoding_mode,beam_width,model_type,checkpoint_path,satisfaction_source,run_id,timestamp_utc,random_return_mean,random_goal_rate,random_violation_rate,better_than_random,rtg_target,action_loss,supervised_action_loss,total_loss,logic_loss,success_rate,dataset_size,context_len,spec_group,alpha,source_run,source_csv
vanilla,-1.3599999999999997,4.440892098500626e-16,1.0,0.0,41.02428412437439,cb,avoid_bombs,0,200,0.0,1.0,0.0,0.0,1.0,1.0,greedy,1,dt,runs/cb/dt_product_value_pre_random_1.0_seed0_greedy_20260705T191250Z/spec_avoid_bombs/mix_random_1.0/seed_0/train_shared/vanilla/dt_state_29.pt,hazard_proxy,vanilla,20260705T232132Z,-1.4828500000000002,0.09,0.84,False,-1.2300000190734863,,,,,0.0,,20,avoid_bombs,0,runs/cb/dt_product_value_pre_random_1.0_seed0_greedy_20260705T191250Z,runs/cb/dt_product_value_pre_random_1.0_seed0_greedy_20260705T191250Z/spec_avoid_bombs/mix_random_1.0/mode_greedy/seed_0/baseline_metrics.csv
vanilla,-1.33,0.0,1.0,0.0,37.94830894470215,cb,avoid_bombs,1,200,0.0,1.0,0.0,0.0,1.0,1.0,greedy,1,dt,runs/cb/dt_product_value_pre_random_1.0_seed1_greedy_20260706T094820Z/spec_avoid_bombs/mix_random_1.0/seed_1/train_shared/vanilla/dt_state_29.pt,hazard_proxy,vanilla,20260706T135117Z,-1.5052500000000004,0.075,0.9,False,-1.2200000286102295,,,,,0.0,,20,avoid_bombs,0,runs/cb/dt_product_value_pre_random_1.0_seed1_greedy_20260706T094820Z,runs/cb/dt_product_value_pre_random_1.0_seed1_greedy_20260706T094820Z/spec_avoid_bombs/mix_random_1.0/mode_greedy/seed_1/baseline_metrics.csv
logic_alpha0.1,-2.000000000000001,4.440892098500626e-16,0.0,1.0,216.11874747276306,cb,avoid_bombs,0,200,1.0,0.0,0.0,0.0,0.0,0.0,greedy,1,dt,runs/cb/dt_product_value_pre_random_1.0_seed0_greedy_20260705T191250Z/spec_avoid_bombs/mix_random_1.0/seed_0/train_shared/logic_alpha0.1/dt_state_29.pt,dfa,logic_alpha0.1,20260705T232214Z,-1.4828500000000002,0.09,0.84,False,-1.2300000190734863,,,,,0.0,,20,avoid_bombs,0.1,runs/cb/dt_product_value_pre_random_1.0_seed0_greedy_20260705T191250Z,runs/cb/dt_product_value_pre_random_1.0_seed0_greedy_20260705T191250Z/spec_avoid_bombs/mix_random_1.0/mode_greedy/seed_0/baseline_metrics.csv
logic_alpha0.1,-2.000000000000001,4.440892098500626e-16,0.0,1.0,216.8263864517212,cb,avoid_bombs,1,200,1.0,0.0,0.0,0.0,0.0,0.0,greedy,1,dt,runs/cb/dt_product_value_pre_random_1.0_seed1_greedy_20260706T094820Z/spec_avoid_bombs/mix_random_1.0/seed_1/train_shared/logic_alpha0.1/dt_state_29.pt,dfa,logic_alpha0.1,20260706T135156Z,-1.5052500000000004,0.075,0.9,False,-1.2200000286102295,,,,,0.0,,20,avoid_bombs,0.1,runs/cb/dt_product_value_pre_random_1.0_seed1_greedy_20260706T094820Z,runs/cb/dt_product_value_pre_random_1.0_seed1_greedy_20260706T094820Z/spec_avoid_bombs/mix_random_1.0/mode_greedy/seed_1/baseline_metrics.csv
logic_alpha0.2,-2.000000000000001,4.440892098500626e-16,0.0,1.0,215.6594467163086,cb,avoid_bombs,0,200,1.0,0.0,0.0,0.0,0.0,0.0,greedy,1,dt,runs/cb/dt_product_value_pre_random_1.0_seed0_greedy_20260705T191250Z/spec_avoid_bombs/mix_random_1.0/seed_0/train_shared/logic_alpha0.2/dt_state_29.pt,dfa,logic_alpha0.2,20260705T232552Z,-1.4828500000000002,0.09,0.84,False,-1.2300000190734863,,,,,0.0,,20,avoid_bombs,0.2,runs/cb/dt_product_value_pre_random_1.0_seed0_greedy_20260705T191250Z,runs/cb/dt_product_value_pre_random_1.0_seed0_greedy_20260705T191250Z/spec_avoid_bombs/mix_random_1.0/mode_greedy/seed_0/baseline_metrics.csv
logic_alpha0.2,-2.000000000000001,4.440892098500626e-16,0.0,1.0,215.1407072544098,cb,avoid_bombs,1,200,1.0,0.0,0.0,0.0,0.0,0.0,greedy,1,dt,runs/cb/dt_product_value_pre_random_1.0_seed1_greedy_20260706T094820Z/spec_avoid_bombs/mix_random_1.0/seed_1/train_shared/logic_alpha0.2/dt_state_29.pt,dfa,logic_alpha0.2,20260706T135535Z,-1.5052500000000004,0.075,0.9,False,-1.2200000286102295,,,,,0.0,,20,avoid_bombs,0.2,runs/cb/dt_product_value_pre_random_1.0_seed1_greedy_20260706T094820Z,runs/cb/dt_product_value_pre_random_1.0_seed1_greedy_20260706T094820Z/spec_avoid_bombs/mix_random_1.0/mode_greedy/seed_1/baseline_metrics.csv
logic_alpha0.3,-2.000000000000001,4.440892098500626e-16,0.0,1.0,211.45015501976013,cb,avoid_bombs,0,200,1.0,0.0,0.0,0.0,0.0,0.0,greedy,1,dt,runs/cb/dt_product_value_pre_random_1.0_seed0_greedy_20260705T191250Z/spec_avoid_bombs/mix_random_1.0/seed_0/train_shared/logic_alpha0.3/dt_state_29.pt,dfa,logic_alpha0.3,20260705T232929Z,-1.4828500000000002,0.09,0.84,False,-1.2300000190734863,,,,,0.0,,20,avoid_bombs,0.3,runs/cb/dt_product_value_pre_random_1.0_seed0_greedy_20260705T191250Z,runs/cb/dt_product_value_pre_random_1.0_seed0_greedy_20260705T191250Z/spec_avoid_bombs/mix_random_1.0/mode_greedy/seed_0/baseline_metrics.csv
logic_alpha0.3,-2.000000000000001,4.440892098500626e-16,0.0,1.0,216.33744931221008,cb,avoid_bombs,1,200,1.0,0.0,0.0,0.0,0.0,0.0,greedy,1,dt,runs/cb/dt_product_value_pre_random_1.0_seed1_greedy_20260706T094820Z/spec_avoid_bombs/mix_random_1.0/seed_1/train_shared/logic_alpha0.3/dt_state_29.pt,dfa,logic_alpha0.3,20260706T135911Z,-1.5052500000000004,0.075,0.9,False,-1.2200000286102295,,,,,0.0,,20,avoid_bombs,0.3,runs/cb/dt_product_value_pre_random_1.0_seed1_greedy_20260706T094820Z,runs/cb/dt_product_value_pre_random_1.0_seed1_greedy_20260706T094820Z/spec_avoid_bombs/mix_random_1.0/mode_greedy/seed_1/baseline_metrics.csv
logic_alpha0.4,-2.000000000000001,4.440892098500626e-16,0.0,1.0,215.69584703445435,cb,avoid_bombs,0,200,1.0,0.0,0.0,0.0,0.0,0.0,greedy,1,dt,runs/cb/dt_product_value_pre_random_1.0_seed0_greedy_20260705T191250Z/spec_avoid_bombs/mix_random_1.0/seed_0/train_shared/logic_alpha0.4/dt_state_29.pt,dfa,logic_alpha0.4,20260705T233302Z,-1.4828500000000002,0.09,0.84,False,-1.2300000190734863,,,,,0.0,,20,avoid_bombs,0.4,runs/cb/dt_product_value_pre_random_1.0_seed0_greedy_20260705T191250Z,runs/cb/dt_product_value_pre_random_1.0_seed0_greedy_20260705T191250Z/spec_avoid_bombs/mix_random_1.0/mode_greedy/seed_0/baseline_metrics.csv
logic_alpha0.4,-0.8700000000000011,3.3306690738754696e-16,0.0,1.0,202.28516793251038,cb,avoid_bombs,1,200,1.0,0.0,0.0,1.0,0.0,0.0,greedy,1,dt,runs/cb/dt_product_value_pre_random_1.0_seed1_greedy_20260706T094820Z/spec_avoid_bombs/mix_random_1.0/seed_1/train_shared/logic_alpha0.4/dt_state_29.pt,dfa,logic_alpha0.4,20260706T140249Z,-1.5052500000000004,0.075,0.9,True,-1.2200000286102295,,,,,1.0,,20,avoid_bombs,0.4,runs/cb/dt_product_value_pre_random_1.0_seed1_greedy_20260706T094820Z,runs/cb/dt_product_value_pre_random_1.0_seed1_greedy_20260706T094820Z/spec_avoid_bombs/mix_random_1.0/mode_greedy/seed_1/baseline_metrics.csv
logic_alpha0.5,-2.000000000000001,4.440892098500626e-16,0.0,1.0,215.21577262878418,cb,avoid_bombs,0,200,1.0,0.0,0.0,0.0,0.0,0.0,greedy,1,dt,runs/cb/dt_product_value_pre_random_1.0_seed0_greedy_20260705T191250Z/spec_avoid_bombs/mix_random_1.0/seed_0/train_shared/logic_alpha0.5/dt_state_29.pt,dfa,logic_alpha0.5,20260705T233639Z,-1.4828500000000002,0.09,0.84,False,-1.2300000190734863,,,,,0.0,,20,avoid_bombs,0.5,runs/cb/dt_product_value_pre_random_1.0_seed0_greedy_20260705T191250Z,runs/cb/dt_product_value_pre_random_1.0_seed0_greedy_20260705T191250Z/spec_avoid_bombs/mix_random_1.0/mode_greedy/seed_0/baseline_metrics.csv
logic_alpha0.5,-2.000000000000001,4.440892098500626e-16,0.0,1.0,215.59415292739868,cb,avoid_bombs,1,200,1.0,0.0,0.0,0.0,0.0,0.0,greedy,1,dt,runs/cb/dt_product_value_pre_random_1.0_seed1_greedy_20260706T094820Z/spec_avoid_bombs/mix_random_1.0/seed_1/train_shared/logic_alpha0.5/dt_state_29.pt,dfa,logic_alpha0.5,20260706T140613Z,-1.5052500000000004,0.075,0.9,False,-1.2200000286102295,,,,,0.0,,20,avoid_bombs,0.5,runs/cb/dt_product_value_pre_random_1.0_seed1_greedy_20260706T094820Z,runs/cb/dt_product_value_pre_random_1.0_seed1_greedy_20260706T094820Z/spec_avoid_bombs/mix_random_1.0/mode_greedy/seed_1/baseline_metrics.csv
logic_alpha0.6,-2.000000000000001,4.440892098500626e-16,0.0,1.0,216.07316780090332,cb,avoid_bombs,0,200,1.0,0.0,0.0,0.0,0.0,0.0,greedy,1,dt,runs/cb/dt_product_value_pre_random_1.0_seed0_greedy_20260705T191250Z/spec_avoid_bombs/mix_random_1.0/seed_0/train_shared/logic_alpha0.6/dt_state_29.pt,dfa,logic_alpha0.6,20260705T234016Z,-1.4828500000000002,0.09,0.84,False,-1.2300000190734863,,,,,0.0,,20,avoid_bombs,0.6,runs/cb/dt_product_value_pre_random_1.0_seed0_greedy_20260705T191250Z,runs/cb/dt_product_value_pre_random_1.0_seed0_greedy_20260705T191250Z/spec_avoid_bombs/mix_random_1.0/mode_greedy/seed_0/baseline_metrics.csv
logic_alpha0.6,-2.000000000000001,4.440892098500626e-16,0.0,1.0,209.33154273033142,cb,avoid_bombs,1,200,1.0,0.0,0.0,0.0,0.0,0.0,greedy,1,dt,runs/cb/dt_product_value_pre_random_1.0_seed1_greedy_20260706T094820Z/spec_avoid_bombs/mix_random_1.0/seed_1/train_shared/logic_alpha0.6/dt_state_29.pt,dfa,logic_alpha0.6,20260706T140950Z,-1.5052500000000004,0.075,0.9,False,-1.2200000286102295,,,,,0.0,,20,avoid_bombs,0.6,runs/cb/dt_product_value_pre_random_1.0_seed1_greedy_20260706T094820Z,runs/cb/dt_product_value_pre_random_1.0_seed1_greedy_20260706T094820Z/spec_avoid_bombs/mix_random_1.0/mode_greedy/seed_1/baseline_metrics.csv
logic_alpha0.7,-2.000000000000001,4.440892098500626e-16,0.0,1.0,215.99385118484497,cb,avoid_bombs,0,200,1.0,0.0,0.0,0.0,0.0,0.0,greedy,1,dt,runs/cb/dt_product_value_pre_random_1.0_seed0_greedy_20260705T191250Z/spec_avoid_bombs/mix_random_1.0/seed_0/train_shared/logic_alpha0.7/dt_state_29.pt,dfa,logic_alpha0.7,20260705T234353Z,-1.4828500000000002,0.09,0.84,False,-1.2300000190734863,,,,,0.0,,20,avoid_bombs,0.7,runs/cb/dt_product_value_pre_random_1.0_seed0_greedy_20260705T191250Z,runs/cb/dt_product_value_pre_random_1.0_seed0_greedy_20260705T191250Z/spec_avoid_bombs/mix_random_1.0/mode_greedy/seed_0/baseline_metrics.csv
logic_alpha0.7,-0.9700000000000019,3.3306690738754696e-16,0.0,1.0,212.47725224494934,cb,avoid_bombs,1,200,1.0,0.0,0.0,1.0,0.0,0.0,greedy,1,dt,runs/cb/dt_product_value_pre_random_1.0_seed1_greedy_20260706T094820Z/spec_avoid_bombs/mix_random_1.0/seed_1/train_shared/logic_alpha0.7/dt_state_29.pt,dfa,logic_alpha0.7,20260706T141320Z,-1.5052500000000004,0.075,0.9,True,-1.2200000286102295,,,,,1.0,,20,avoid_bombs,0.7,runs/cb/dt_product_value_pre_random_1.0_seed1_greedy_20260706T094820Z,runs/cb/dt_product_value_pre_random_1.0_seed1_greedy_20260706T094820Z/spec_avoid_bombs/mix_random_1.0/mode_greedy/seed_1/baseline_metrics.csv
logic_alpha0.8,-2.000000000000001,4.440892098500626e-16,0.0,1.0,213.79133939743042,cb,avoid_bombs,0,200,1.0,0.0,0.0,0.0,0.0,0.0,greedy,1,dt,runs/cb/dt_product_value_pre_random_1.0_seed0_greedy_20260705T191250Z/spec_avoid_bombs/mix_random_1.0/seed_0/train_shared/logic_alpha0.8/dt_state_29.pt,dfa,logic_alpha0.8,20260705T234730Z,-1.4828500000000002,0.09,0.84,False,-1.2300000190734863,,,,,0.0,,20,avoid_bombs,0.8,runs/cb/dt_product_value_pre_random_1.0_seed0_greedy_20260705T191250Z,runs/cb/dt_product_value_pre_random_1.0_seed0_greedy_20260705T191250Z/spec_avoid_bombs/mix_random_1.0/mode_greedy/seed_0/baseline_metrics.csv
logic_alpha0.8,-0.8800000000000014,0.0,0.0,1.0,203.02791953086853,cb,avoid_bombs,1,200,1.0,0.0,0.0,1.0,0.0,0.0,greedy,1,dt,runs/cb/dt_product_value_pre_random_1.0_seed1_greedy_20260706T094820Z/spec_avoid_bombs/mix_random_1.0/seed_1/train_shared/logic_alpha0.8/dt_state_29.pt,dfa,logic_alpha0.8,20260706T141654Z,-1.5052500000000004,0.075,0.9,True,-1.2200000286102295,,,,,1.0,,20,avoid_bombs,0.8,runs/cb/dt_product_value_pre_random_1.0_seed1_greedy_20260706T094820Z,runs/cb/dt_product_value_pre_random_1.0_seed1_greedy_20260706T094820Z/spec_avoid_bombs/mix_random_1.0/mode_greedy/seed_1/baseline_metrics.csv
logic_alpha0.9,-2.000000000000001,4.440892098500626e-16,0.0,1.0,219.16319680213928,cb,avoid_bombs,0,200,1.0,0.0,0.0,0.0,0.0,0.0,greedy,1,dt,runs/cb/dt_product_value_pre_random_1.0_seed0_greedy_20260705T191250Z/spec_avoid_bombs/mix_random_1.0/seed_0/train_shared/logic_alpha0.9/dt_state_29.pt,dfa,logic_alpha0.9,20260705T235106Z,-1.4828500000000002,0.09,0.84,False,-1.2300000190734863,,,,,0.0,,20,avoid_bombs,0.9,runs/cb/dt_product_value_pre_random_1.0_seed0_greedy_20260705T191250Z,runs/cb/dt_product_value_pre_random_1.0_seed0_greedy_20260705T191250Z/spec_avoid_bombs/mix_random_1.0/mode_greedy/seed_0/baseline_metrics.csv
logic_alpha0.9,-2.000000000000001,4.440892098500626e-16,0.0,1.0,215.90681195259094,cb,avoid_bombs,1,200,1.0,0.0,0.0,0.0,0.0,0.0,greedy,1,dt,runs/cb/dt_product_value_pre_random_1.0_seed1_greedy_20260706T094820Z/spec_avoid_bombs/mix_random_1.0/seed_1/train_shared/logic_alpha0.9/dt_state_29.pt,dfa,logic_alpha0.9,20260706T142019Z,-1.5052500000000004,0.075,0.9,False,-1.2200000286102295,,,,,0.0,,20,avoid_bombs,0.9,runs/cb/dt_product_value_pre_random_1.0_seed1_greedy_20260706T094820Z,runs/cb/dt_product_value_pre_random_1.0_seed1_greedy_20260706T094820Z/spec_avoid_bombs/mix_random_1.0/mode_greedy/seed_1/baseline_metrics.csv
vanilla,-1.3599999999999997,4.440892098500626e-16,1.0,0.0,41.491610050201416,cb,reach_goal_while_safe,0,200,0.0,1.0,0.0,0.0,1.0,1.0,greedy,1,dt,runs/cb/dt_product_value_pre_random_1.0_seed0_greedy_20260705T191250Z/spec_reach_goal_while_safe/mix_random_1.0/seed_0/train_shared/vanilla/dt_state_29.pt,dfa,vanilla,20260706T033434Z,-1.4828500000000002,0.09,0.84,False,-1.2300000190734863,,,,,0.0,,20,reach_goal_while_safe,0,runs/cb/dt_product_value_pre_random_1.0_seed0_greedy_20260705T191250Z,runs/cb/dt_product_value_pre_random_1.0_seed0_greedy_20260705T191250Z/spec_reach_goal_while_safe/mix_random_1.0/mode_greedy/seed_0/baseline_metrics.csv
vanilla,-1.33,0.0,1.0,0.0,38.334794759750366,cb,reach_goal_while_safe,1,200,0.0,1.0,0.0,0.0,1.0,1.0,greedy,1,dt,runs/cb/dt_product_value_pre_random_1.0_seed1_greedy_20260706T094820Z/spec_reach_goal_while_safe/mix_random_1.0/seed_1/train_shared/vanilla/dt_state_29.pt,dfa,vanilla,20260706T180224Z,-1.5052500000000004,0.075,0.9,False,-1.2200000286102295,,,,,0.0,,20,reach_goal_while_safe,0,runs/cb/dt_product_value_pre_random_1.0_seed1_greedy_20260706T094820Z,runs/cb/dt_product_value_pre_random_1.0_seed1_greedy_20260706T094820Z/spec_reach_goal_while_safe/mix_random_1.0/mode_greedy/seed_1/baseline_metrics.csv
logic_alpha0.1,-2.000000000000001,4.440892098500626e-16,0.0,0.0,216.97261786460876,cb,reach_goal_while_safe,0,200,0.0,0.0,0.0,0.0,0.0,0.0,greedy,1,dt,runs/cb/dt_product_value_pre_random_1.0_seed0_greedy_20260705T191250Z/spec_reach_goal_while_safe/mix_random_1.0/seed_0/train_shared/logic_alpha0.1/dt_state_29.pt,dfa,logic_alpha0.1,20260706T033517Z,-1.4828500000000002,0.09,0.84,False,-1.2300000190734863,,,,,0.0,,20,reach_goal_while_safe,0.1,runs/cb/dt_product_value_pre_random_1.0_seed0_greedy_20260705T191250Z,runs/cb/dt_product_value_pre_random_1.0_seed0_greedy_20260705T191250Z/spec_reach_goal_while_safe/mix_random_1.0/mode_greedy/seed_0/baseline_metrics.csv
logic_alpha0.1,0.12999999999999945,0.0,0.0,1.0,102.81175208091736,cb,reach_goal_while_safe,1,200,1.0,0.0,0.0,1.0,0.0,0.0,greedy,1,dt,runs/cb/dt_product_value_pre_random_1.0_seed1_greedy_20260706T094820Z/spec_reach_goal_while_safe/mix_random_1.0/seed_1/train_shared/logic_alpha0.1/dt_state_29.pt,dfa,logic_alpha0.1,20260706T180304Z,-1.5052500000000004,0.075,0.9,True,-1.2200000286102295,,,,,1.0,,20,reach_goal_while_safe,0.1,runs/cb/dt_product_value_pre_random_1.0_seed1_greedy_20260706T094820Z,runs/cb/dt_product_value_pre_random_1.0_seed1_greedy_20260706T094820Z/spec_reach_goal_while_safe/mix_random_1.0/mode_greedy/seed_1/baseline_metrics.csv
logic_alpha0.2,-2.000000000000001,4.440892098500626e-16,0.0,0.0,216.30794739723206,cb,reach_goal_while_safe,0,200,0.0,0.0,0.0,0.0,0.0,0.0,greedy,1,dt,runs/cb/dt_product_value_pre_random_1.0_seed0_greedy_20260705T191250Z/spec_reach_goal_while_safe/mix_random_1.0/seed_0/train_shared/logic_alpha0.2/dt_state_29.pt,dfa,logic_alpha0.2,20260706T033855Z,-1.4828500000000002,0.09,0.84,False,-1.2300000190734863,,,,,0.0,,20,reach_goal_while_safe,0.2,runs/cb/dt_product_value_pre_random_1.0_seed0_greedy_20260705T191250Z,runs/cb/dt_product_value_pre_random_1.0_seed0_greedy_20260705T191250Z/spec_reach_goal_while_safe/mix_random_1.0/mode_greedy/seed_0/baseline_metrics.csv
logic_alpha0.2,-2.000000000000001,4.440892098500626e-16,0.0,0.0,217.0809347629547,cb,reach_goal_while_safe,1,200,0.0,0.0,0.0,0.0,0.0,0.0,greedy,1,dt,runs/cb/dt_product_value_pre_random_1.0_seed1_greedy_20260706T094820Z/spec_reach_goal_while_safe/mix_random_1.0/seed_1/train_shared/logic_alpha0.2/dt_state_29.pt,dfa,logic_alpha0.2,20260706T180448Z,-1.5052500000000004,0.075,0.9,False,-1.2200000286102295,,,,,0.0,,20,reach_goal_while_safe,0.2,runs/cb/dt_product_value_pre_random_1.0_seed1_greedy_20260706T094820Z,runs/cb/dt_product_value_pre_random_1.0_seed1_greedy_20260706T094820Z/spec_reach_goal_while_safe/mix_random_1.0/mode_greedy/seed_1/baseline_metrics.csv
logic_alpha0.3,0.54,2.220446049250313e-16,0.0,1.0,52.30817222595215,cb,reach_goal_while_safe,0,200,1.0,0.0,0.0,1.0,0.0,0.0,greedy,1,dt,runs/cb/dt_product_value_pre_random_1.0_seed0_greedy_20260705T191250Z/spec_reach_goal_while_safe/mix_random_1.0/seed_0/train_shared/logic_alpha0.3/dt_state_29.pt,dfa,logic_alpha0.3,20260706T034233Z,-1.4828500000000002,0.09,0.84,True,-1.2300000190734863,,,,,1.0,,20,reach_goal_while_safe,0.3,runs/cb/dt_product_value_pre_random_1.0_seed0_greedy_20260705T191250Z,runs/cb/dt_product_value_pre_random_1.0_seed0_greedy_20260705T191250Z/spec_reach_goal_while_safe/mix_random_1.0/mode_greedy/seed_0/baseline_metrics.csv
logic_alpha0.3,-2.000000000000001,4.440892098500626e-16,0.0,0.0,216.78664779663086,cb,reach_goal_while_safe,1,200,0.0,0.0,0.0,0.0,0.0,0.0,greedy,1,dt,runs/cb/dt_product_value_pre_random_1.0_seed1_greedy_20260706T094820Z/spec_reach_goal_while_safe/mix_random_1.0/seed_1/train_shared/logic_alpha0.3/dt_state_29.pt,dfa,logic_alpha0.3,20260706T180827Z,-1.5052500000000004,0.075,0.9,False,-1.2200000286102295,,,,,0.0,,20,reach_goal_while_safe,0.3,runs/cb/dt_product_value_pre_random_1.0_seed1_greedy_20260706T094820Z,runs/cb/dt_product_value_pre_random_1.0_seed1_greedy_20260706T094820Z/spec_reach_goal_while_safe/mix_random_1.0/mode_greedy/seed_1/baseline_metrics.csv
logic_alpha0.4,-2.09,8.881784197001252e-16,1.0,0.0,114.91266894340515,cb,reach_goal_while_safe,0,200,0.0,1.0,0.0,0.0,1.0,1.0,greedy,1,dt,runs/cb/dt_product_value_pre_random_1.0_seed0_greedy_20260705T191250Z/spec_reach_goal_while_safe/mix_random_1.0/seed_0/train_shared/logic_alpha0.4/dt_state_29.pt,dfa,logic_alpha0.4,20260706T034327Z,-1.4828500000000002,0.09,0.84,False,-1.2300000190734863,,,,,0.0,,20,reach_goal_while_safe,0.4,runs/cb/dt_product_value_pre_random_1.0_seed0_greedy_20260705T191250Z,runs/cb/dt_product_value_pre_random_1.0_seed0_greedy_20260705T191250Z/spec_reach_goal_while_safe/mix_random_1.0/mode_greedy/seed_0/baseline_metrics.csv
logic_alpha0.4,-2.000000000000001,4.440892098500626e-16,0.0,0.0,216.6436643600464,cb,reach_goal_while_safe,1,200,0.0,0.0,0.0,0.0,0.0,0.0,greedy,1,dt,runs/cb/dt_product_value_pre_random_1.0_seed1_greedy_20260706T094820Z/spec_reach_goal_while_safe/mix_random_1.0/seed_1/train_shared/logic_alpha0.4/dt_state_29.pt,dfa,logic_alpha0.4,20260706T181205Z,-1.5052500000000004,0.075,0.9,False,-1.2200000286102295,,,,,0.0,,20,reach_goal_while_safe,0.4,runs/cb/dt_product_value_pre_random_1.0_seed1_greedy_20260706T094820Z,runs/cb/dt_product_value_pre_random_1.0_seed1_greedy_20260706T094820Z/spec_reach_goal_while_safe/mix_random_1.0/mode_greedy/seed_1/baseline_metrics.csv
logic_alpha0.5,-2.000000000000001,4.440892098500626e-16,0.0,0.0,215.87690448760986,cb,reach_goal_while_safe,0,200,0.0,0.0,0.0,0.0,0.0,0.0,greedy,1,dt,runs/cb/dt_product_value_pre_random_1.0_seed0_greedy_20260705T191250Z/spec_reach_goal_while_safe/mix_random_1.0/seed_0/train_shared/logic_alpha0.5/dt_state_29.pt,dfa,logic_alpha0.5,20260706T034523Z,-1.4828500000000002,0.09,0.84,False,-1.2300000190734863,,,,,0.0,,20,reach_goal_while_safe,0.5,runs/cb/dt_product_value_pre_random_1.0_seed0_greedy_20260705T191250Z,runs/cb/dt_product_value_pre_random_1.0_seed0_greedy_20260705T191250Z/spec_reach_goal_while_safe/mix_random_1.0/mode_greedy/seed_0/baseline_metrics.csv
logic_alpha0.5,-2.000000000000001,4.440892098500626e-16,0.0,0.0,216.40151000022888,cb,reach_goal_while_safe,1,200,0.0,0.0,0.0,0.0,0.0,0.0,greedy,1,dt,runs/cb/dt_product_value_pre_random_1.0_seed1_greedy_20260706T094820Z/spec_reach_goal_while_safe/mix_random_1.0/seed_1/train_shared/logic_alpha0.5/dt_state_29.pt,dfa,logic_alpha0.5,20260706T181543Z,-1.5052500000000004,0.075,0.9,False,-1.2200000286102295,,,,,0.0,,20,reach_goal_while_safe,0.5,runs/cb/dt_product_value_pre_random_1.0_seed1_greedy_20260706T094820Z,runs/cb/dt_product_value_pre_random_1.0_seed1_greedy_20260706T094820Z/spec_reach_goal_while_safe/mix_random_1.0/mode_greedy/seed_1/baseline_metrics.csv
logic_alpha0.6,-0.8700000000000011,3.3306690738754696e-16,0.0,1.0,202.6308913230896,cb,reach_goal_while_safe,0,200,1.0,0.0,0.0,1.0,0.0,0.0,greedy,1,dt,runs/cb/dt_product_value_pre_random_1.0_seed0_greedy_20260705T191250Z/spec_reach_goal_while_safe/mix_random_1.0/seed_0/train_shared/logic_alpha0.6/dt_state_29.pt,dfa,logic_alpha0.6,20260706T034900Z,-1.4828500000000002,0.09,0.84,True,-1.2300000190734863,,,,,1.0,,20,reach_goal_while_safe,0.6,runs/cb/dt_product_value_pre_random_1.0_seed0_greedy_20260705T191250Z,runs/cb/dt_product_value_pre_random_1.0_seed0_greedy_20260705T191250Z/spec_reach_goal_while_safe/mix_random_1.0/mode_greedy/seed_0/baseline_metrics.csv
logic_alpha0.6,-0.8400000000000014,0.0,0.0,1.0,199.58359789848328,cb,reach_goal_while_safe,1,200,1.0,0.0,0.0,1.0,0.0,0.0,greedy,1,dt,runs/cb/dt_product_value_pre_random_1.0_seed1_greedy_20260706T094820Z/spec_reach_goal_while_safe/mix_random_1.0/seed_1/train_shared/logic_alpha0.6/dt_state_29.pt,dfa,logic_alpha0.6,20260706T181921Z,-1.5052500000000004,0.075,0.9,True,-1.2200000286102295,,,,,1.0,,20,reach_goal_while_safe,0.6,runs/cb/dt_product_value_pre_random_1.0_seed1_greedy_20260706T094820Z,runs/cb/dt_product_value_pre_random_1.0_seed1_greedy_20260706T094820Z/spec_reach_goal_while_safe/mix_random_1.0/mode_greedy/seed_1/baseline_metrics.csv
logic_alpha0.7,-0.7500000000000014,1.1102230246251565e-16,0.0,1.0,189.48374104499817,cb,reach_goal_while_safe,0,200,1.0,0.0,0.0,1.0,0.0,0.0,greedy,1,dt,runs/cb/dt_product_value_pre_random_1.0_seed0_greedy_20260705T191250Z/spec_reach_goal_while_safe/mix_random_1.0/seed_0/train_shared/logic_alpha0.7/dt_state_29.pt,dfa,logic_alpha0.7,20260706T035224Z,-1.4828500000000002,0.09,0.84,True,-1.2300000190734863,,,,,1.0,,20,reach_goal_while_safe,0.7,runs/cb/dt_product_value_pre_random_1.0_seed0_greedy_20260705T191250Z,runs/cb/dt_product_value_pre_random_1.0_seed0_greedy_20260705T191250Z/spec_reach_goal_while_safe/mix_random_1.0/mode_greedy/seed_0/baseline_metrics.csv
logic_alpha0.7,0.29999999999999966,5.551115123125783e-17,0.0,1.0,78.03634405136108,cb,reach_goal_while_safe,1,200,1.0,0.0,0.0,1.0,0.0,0.0,greedy,1,dt,runs/cb/dt_product_value_pre_random_1.0_seed1_greedy_20260706T094820Z/spec_reach_goal_while_safe/mix_random_1.0/seed_1/train_shared/logic_alpha0.7/dt_state_29.pt,dfa,logic_alpha0.7,20260706T182242Z,-1.5052500000000004,0.075,0.9,True,-1.2200000286102295,,,,,1.0,,20,reach_goal_while_safe,0.7,runs/cb/dt_product_value_pre_random_1.0_seed1_greedy_20260706T094820Z,runs/cb/dt_product_value_pre_random_1.0_seed1_greedy_20260706T094820Z/spec_reach_goal_while_safe/mix_random_1.0/mode_greedy/seed_1/baseline_metrics.csv
logic_alpha0.8,0.7699999999999997,2.220446049250313e-16,0.0,1.0,27.712128162384033,cb,reach_goal_while_safe,0,200,1.0,0.0,0.0,1.0,0.0,0.0,greedy,1,dt,runs/cb/dt_product_value_pre_random_1.0_seed0_greedy_20260705T191250Z/spec_reach_goal_while_safe/mix_random_1.0/seed_0/train_shared/logic_alpha0.8/dt_state_29.pt,dfa,logic_alpha0.8,20260706T035535Z,-1.4828500000000002,0.09,0.84,True,-1.2300000190734863,,,,,1.0,,20,reach_goal_while_safe,0.8,runs/cb/dt_product_value_pre_random_1.0_seed0_greedy_20260705T191250Z,runs/cb/dt_product_value_pre_random_1.0_seed0_greedy_20260705T191250Z/spec_reach_goal_while_safe/mix_random_1.0/mode_greedy/seed_0/baseline_metrics.csv
logic_alpha0.8,0.8699999999999997,3.3306690738754696e-16,0.0,1.0,16.953063249588013,cb,reach_goal_while_safe,1,200,1.0,0.0,0.0,1.0,0.0,0.0,greedy,1,dt,runs/cb/dt_product_value_pre_random_1.0_seed1_greedy_20260706T094820Z/spec_reach_goal_while_safe/mix_random_1.0/seed_1/train_shared/logic_alpha0.8/dt_state_29.pt,dfa,logic_alpha0.8,20260706T182401Z,-1.5052500000000004,0.075,0.9,True,-1.2200000286102295,,,,,1.0,,20,reach_goal_while_safe,0.8,runs/cb/dt_product_value_pre_random_1.0_seed1_greedy_20260706T094820Z,runs/cb/dt_product_value_pre_random_1.0_seed1_greedy_20260706T094820Z/spec_reach_goal_while_safe/mix_random_1.0/mode_greedy/seed_1/baseline_metrics.csv
logic_alpha0.9,0.8800000000000003,3.3306690738754696e-16,0.0,1.0,15.870344400405884,cb,reach_goal_while_safe,0,200,1.0,0.0,0.0,1.0,0.0,0.0,greedy,1,dt,runs/cb/dt_product_value_pre_random_1.0_seed0_greedy_20260705T191250Z/spec_reach_goal_while_safe/mix_random_1.0/seed_0/train_shared/logic_alpha0.9/dt_state_29.pt,dfa,logic_alpha0.9,20260706T035605Z,-1.4828500000000002,0.09,0.84,True,-1.2300000190734863,,,,,1.0,,20,reach_goal_while_safe,0.9,runs/cb/dt_product_value_pre_random_1.0_seed0_greedy_20260705T191250Z,runs/cb/dt_product_value_pre_random_1.0_seed0_greedy_20260705T191250Z/spec_reach_goal_while_safe/mix_random_1.0/mode_greedy/seed_0/baseline_metrics.csv
logic_alpha0.9,0.86,0.0,0.0,1.0,17.8433678150177,cb,reach_goal_while_safe,1,200,1.0,0.0,0.0,1.0,0.0,0.0,greedy,1,dt,runs/cb/dt_product_value_pre_random_1.0_seed1_greedy_20260706T094820Z/spec_reach_goal_while_safe/mix_random_1.0/seed_1/train_shared/logic_alpha0.9/dt_state_29.pt,dfa,logic_alpha0.9,20260706T182419Z,-1.5052500000000004,0.075,0.9,True,-1.2200000286102295,,,,,1.0,,20,reach_goal_while_safe,0.9,runs/cb/dt_product_value_pre_random_1.0_seed1_greedy_20260706T094820Z,runs/cb/dt_product_value_pre_random_1.0_seed1_greedy_20260706T094820Z/spec_reach_goal_while_safe/mix_random_1.0/mode_greedy/seed_1/baseline_metrics.csv
